t,page,phase
0,0,before_shift
1,1,before_shift
2,2,before_shift
3,3,before_shift
4,4,before_shift
5,6,before_shift
6,0,before_shift
7,0,before_shift
8,1,before_shift
9,2,before_shift
10,3,before_shift
11,4,before_shift
12,0,before_shift
13,1,before_shift
14,1,before_shift
15,2,before_shift
16,3,before_shift
17,3,before_shift
18,1,before_shift
19,4,before_shift
20,0,before_shift
21,1,before_shift
22,2,before_shift
23,3,before_shift
24,1,before_shift
25,4,before_shift
26,4,before_shift
27,0,before_shift
28,1,before_shift
29,0,before_shift
30,2,before_shift
31,3,before_shift
32,4,before_shift
33,0,before_shift
34,11,before_shift
35,1,before_shift
36,2,before_shift
37,3,before_shift
38,4,before_shift
39,2,before_shift
40,0,before_shift
41,1,before_shift
42,2,before_shift
43,3,before_shift
44,1,before_shift
45,4,before_shift
46,0,before_shift
47,1,before_shift
48,2,before_shift
49,2,before_shift
50,3,before_shift
51,4,before_shift
52,0,before_shift
53,1,before_shift
54,2,before_shift
55,0,before_shift
56,3,before_shift
57,2,before_shift
58,4,before_shift
59,0,before_shift
60,1,before_shift
61,3,before_shift
62,0,before_shift
63,2,before_shift
64,3,before_shift
65,4,before_shift
66,0,before_shift
67,3,before_shift
68,2,before_shift
69,1,before_shift
70,2,before_shift
71,3,before_shift
72,4,before_shift
73,4,before_shift
74,0,before_shift
75,1,before_shift
76,4,before_shift
77,2,before_shift
78,3,before_shift
79,4,before_shift
80,0,before_shift
81,1,before_shift
82,1,before_shift
83,2,before_shift
84,3,before_shift
85,3,before_shift
86,5,before_shift
87,4,before_shift
88,0,before_shift
89,1,before_shift
90,0,before_shift
91,0,before_shift
92,2,before_shift
93,3,before_shift
94,4,before_shift
95,9,before_shift
96,0,before_shift
97,1,before_shift
98,2,before_shift
99,3,before_shift
100,2,before_shift
101,5,before_shift
102,1,before_shift
103,2,before_shift
104,3,before_shift
105,4,before_shift
106,5,before_shift
107,1,before_shift
108,2,before_shift
109,3,before_shift
110,4,before_shift
111,5,before_shift
112,1,before_shift
113,2,before_shift
114,3,before_shift
115,4,before_shift
116,7,before_shift
117,5,before_shift
118,1,before_shift
119,2,before_shift
120,4,before_shift
121,3,before_shift
122,4,before_shift
123,5,before_shift
124,5,before_shift
125,1,before_shift
126,2,before_shift
127,3,before_shift
128,4,before_shift
129,4,before_shift
130,4,before_shift
131,2,before_shift
132,4,before_shift
133,5,before_shift
134,1,before_shift
135,2,before_shift
136,3,before_shift
137,4,before_shift
138,5,before_shift
139,1,before_shift
140,2,before_shift
141,3,before_shift
142,2,before_shift
143,2,before_shift
144,4,before_shift
145,5,before_shift
146,1,before_shift
147,2,before_shift
148,3,before_shift
149,2,before_shift
150,4,before_shift
151,5,before_shift
152,1,before_shift
153,2,before_shift
154,1,before_shift
155,2,before_shift
156,7,before_shift
157,1,before_shift
158,3,before_shift
159,4,before_shift
160,2,before_shift
161,5,before_shift
162,1,before_shift
163,1,before_shift
164,4,before_shift
165,2,before_shift
166,1,before_shift
167,3,before_shift
168,4,before_shift
169,5,before_shift
170,3,before_shift
171,1,before_shift
172,3,before_shift
173,3,before_shift
174,2,before_shift
175,5,before_shift
176,3,before_shift
177,4,before_shift
178,5,before_shift
179,1,before_shift
180,2,before_shift
181,2,before_shift
182,3,before_shift
183,4,before_shift
184,5,before_shift
185,1,before_shift
186,2,before_shift
187,3,before_shift
188,2,before_shift
189,4,before_shift
190,5,before_shift
191,1,before_shift
192,2,before_shift
193,2,before_shift
194,1,before_shift
195,3,before_shift
196,4,before_shift
197,5,before_shift
198,1,before_shift
199,2,before_shift
200,4,before_shift
201,5,before_shift
202,4,before_shift
203,5,before_shift
204,6,before_shift
205,4,before_shift
206,10,before_shift
207,2,before_shift
208,3,before_shift
209,4,before_shift
210,5,before_shift
211,6,before_shift
212,2,before_shift
213,3,before_shift
214,2,before_shift
215,4,before_shift
216,5,before_shift
217,6,before_shift
218,2,before_shift
219,2,before_shift
220,3,before_shift
221,6,before_shift
222,3,before_shift
223,4,before_shift
224,4,before_shift
225,5,before_shift
226,6,before_shift
227,2,before_shift
228,3,before_shift
229,4,before_shift
230,4,before_shift
231,5,before_shift
232,10,before_shift
233,5,before_shift
234,6,before_shift
235,2,before_shift
236,3,before_shift
237,4,before_shift
238,5,before_shift
239,6,before_shift
240,6,before_shift
241,2,before_shift
242,3,before_shift
243,4,before_shift
244,11,before_shift
245,5,before_shift
246,6,before_shift
247,1,before_shift
248,2,before_shift
249,3,before_shift
250,4,before_shift
251,5,before_shift
252,6,before_shift
253,2,before_shift
254,3,before_shift
255,4,before_shift
256,5,before_shift
257,6,before_shift
258,6,before_shift
259,10,before_shift
260,6,before_shift
261,2,before_shift
262,3,before_shift
263,4,before_shift
264,5,before_shift
265,4,before_shift
266,6,before_shift
267,2,before_shift
268,3,before_shift
269,4,before_shift
270,5,before_shift
271,6,before_shift
272,2,before_shift
273,3,before_shift
274,4,before_shift
275,5,before_shift
276,6,before_shift
277,2,before_shift
278,4,before_shift
279,2,before_shift
280,3,before_shift
281,4,before_shift
282,5,before_shift
283,6,before_shift
284,2,before_shift
285,3,before_shift
286,4,before_shift
287,5,before_shift
288,3,before_shift
289,6,before_shift
290,2,before_shift
291,3,before_shift
292,4,before_shift
293,5,before_shift
294,6,before_shift
295,2,before_shift
296,3,before_shift
297,4,before_shift
298,3,before_shift
299,9,before_shift
300,11,after_shift
301,0,after_shift
302,6,after_shift
303,8,after_shift
304,30,after_shift
305,23,after_shift
306,3,after_shift
307,2,after_shift
308,4,after_shift
309,22,after_shift
310,2,after_shift
311,4,after_shift
312,7,after_shift
313,18,after_shift
314,4,after_shift
315,0,after_shift
316,7,after_shift
317,30,after_shift
318,3,after_shift
319,9,after_shift
320,8,after_shift
321,10,after_shift
322,8,after_shift
323,19,after_shift
324,3,after_shift
325,0,after_shift
326,21,after_shift
327,1,after_shift
328,12,after_shift
329,19,after_shift
330,5,after_shift
331,6,after_shift
332,28,after_shift
333,20,after_shift
334,4,after_shift
335,23,after_shift
336,18,after_shift
337,18,after_shift
338,10,after_shift
339,22,after_shift
340,22,after_shift
341,19,after_shift
342,12,after_shift
343,21,after_shift
344,12,after_shift
345,14,after_shift
346,25,after_shift
347,14,after_shift
348,14,after_shift
349,13,after_shift
350,15,after_shift
351,31,after_shift
352,5,after_shift
353,15,after_shift
354,20,after_shift
355,29,after_shift
356,10,after_shift
357,31,after_shift
358,28,after_shift
359,31,after_shift
360,10,after_shift
361,5,after_shift
362,19,after_shift
363,10,after_shift
364,30,after_shift
365,10,after_shift
366,22,after_shift
367,9,after_shift
368,9,after_shift
369,6,after_shift
370,6,after_shift
371,25,after_shift
372,31,after_shift
373,10,after_shift
374,3,after_shift
375,4,after_shift
376,4,after_shift
377,11,after_shift
378,22,after_shift
379,22,after_shift
380,23,after_shift
381,22,after_shift
382,15,after_shift
383,16,after_shift
384,15,after_shift
385,16,after_shift
386,10,after_shift
387,15,after_shift
388,14,after_shift
389,16,after_shift
390,20,after_shift
391,2,after_shift
392,6,after_shift
393,18,after_shift
394,30,after_shift
395,27,after_shift
396,27,after_shift
397,9,after_shift
398,30,after_shift
399,3,after_shift
400,28,after_shift
401,3,after_shift
402,14,after_shift
403,26,after_shift
404,14,after_shift
405,15,after_shift
406,29,after_shift
407,5,after_shift
408,16,after_shift
409,9,after_shift
410,12,after_shift
411,10,after_shift
412,27,after_shift
413,12,after_shift
414,12,after_shift
415,11,after_shift
416,17,after_shift
417,30,after_shift
418,9,after_shift
419,8,after_shift
420,10,after_shift
421,26,after_shift
422,9,after_shift
423,8,after_shift
424,8,after_shift
425,26,after_shift
426,29,after_shift
427,3,after_shift
428,26,after_shift
429,2,after_shift
430,31,after_shift
431,3,after_shift
432,29,after_shift
433,5,after_shift
434,4,after_shift
435,20,after_shift
436,10,after_shift
437,7,after_shift
438,19,after_shift
439,26,after_shift
440,26,after_shift
441,10,after_shift
442,23,after_shift
443,5,after_shift
444,6,after_shift
445,20,after_shift
446,17,after_shift
447,19,after_shift
448,3,after_shift
449,26,after_shift
450,2,after_shift
451,4,after_shift
452,5,after_shift
453,5,after_shift
454,2,after_shift
455,5,after_shift
456,2,after_shift
457,11,after_shift
458,10,after_shift
459,10,after_shift
460,10,after_shift
461,10,after_shift
462,27,after_shift
463,11,after_shift
464,2,after_shift
465,2,after_shift
466,1,after_shift
467,25,after_shift
468,3,after_shift
469,12,after_shift
470,1,after_shift
471,3,after_shift
472,18,after_shift
473,0,after_shift
474,18,after_shift
475,6,after_shift
476,4,after_shift
477,3,after_shift
478,0,after_shift
479,9,after_shift
480,13,after_shift
481,13,after_shift
482,10,after_shift
483,13,after_shift
484,24,after_shift
485,14,after_shift
486,13,after_shift
487,14,after_shift
488,13,after_shift
489,12,after_shift
490,13,after_shift
491,11,after_shift
492,11,after_shift
493,7,after_shift
494,31,after_shift
495,18,after_shift
496,8,after_shift
497,26,after_shift
498,27,after_shift
499,18,after_shift
500,26,after_shift
501,6,after_shift
502,25,after_shift
503,27,after_shift
504,14,after_shift
505,7,after_shift
506,10,after_shift
507,7,after_shift
508,7,after_shift
509,9,after_shift
510,12,after_shift
511,8,after_shift
512,9,after_shift
513,9,after_shift
514,16,after_shift
515,11,after_shift
516,19,after_shift
517,26,after_shift
518,21,after_shift
519,20,after_shift
520,21,after_shift
521,0,after_shift
522,20,after_shift
523,20,after_shift
524,2,after_shift
525,7,after_shift
526,0,after_shift
527,2,after_shift
528,6,after_shift
529,20,after_shift
530,29,after_shift
531,17,after_shift
532,16,after_shift
533,15,after_shift
534,15,after_shift
535,17,after_shift
536,15,after_shift
537,17,after_shift
538,17,after_shift
539,2,after_shift
540,3,after_shift
541,7,after_shift
542,5,after_shift
543,8,after_shift
544,8,after_shift
545,8,after_shift
546,5,after_shift
547,7,after_shift
548,2,after_shift
549,29,after_shift
550,26,after_shift
551,23,after_shift
552,1,after_shift
553,26,after_shift
554,25,after_shift
555,25,after_shift
556,19,after_shift
557,24,after_shift
558,21,after_shift
559,25,after_shift
560,20,after_shift
561,26,after_shift
562,18,after_shift
563,17,after_shift
564,18,after_shift
565,20,after_shift
566,18,after_shift
567,20,after_shift
568,17,after_shift
569,20,after_shift
570,18,after_shift
571,23,after_shift
572,7,after_shift
573,14,after_shift
574,15,after_shift
575,17,after_shift
576,19,after_shift
577,14,after_shift
578,14,after_shift
579,16,after_shift
580,19,after_shift
581,21,after_shift
582,3,after_shift
583,19,after_shift
584,11,after_shift
585,12,after_shift
586,12,after_shift
587,3,after_shift
588,10,after_shift
589,9,after_shift
590,3,after_shift
591,4,after_shift
592,27,after_shift
593,29,after_shift
594,29,after_shift
595,28,after_shift
596,13,after_shift
597,8,after_shift
598,27,after_shift
599,26,after_shift
