seed,frame_count,policy,hits,faults,hit_ratio,before_hits,before_faults,before_hit_ratio,after_hits,after_faults,after_hit_ratio,victim_accuracy
11,4,FIFO,178,422,0.2966666666666667,83,217,0.27666666666666667,95,205,0.31666666666666665,
11,4,LRU,191,409,0.31833333333333336,95,205,0.31666666666666665,96,204,0.32,
11,4,Optimal,361,239,0.6016666666666667,221,79,0.7366666666666667,140,160,0.4666666666666667,
11,4,Learned,213,387,0.355,162,138,0.54,51,249,0.17,0.10443864229765012
11,6,FIFO,372,228,0.62,263,37,0.8766666666666667,109,191,0.36333333333333334,
11,6,LRU,386,214,0.6433333333333333,278,22,0.9266666666666666,108,192,0.36,
11,6,Optimal,450,150,0.75,283,17,0.9433333333333334,167,133,0.5566666666666666,
11,6,Learned,390,210,0.65,282,18,0.94,108,192,0.36,0.19117647058823528
11,8,FIFO,395,205,0.6583333333333333,276,24,0.92,119,181,0.39666666666666667,
11,8,LRU,407,193,0.6783333333333333,286,14,0.9533333333333334,121,179,0.4033333333333333,
11,8,Optimal,477,123,0.795,287,13,0.9566666666666667,190,110,0.6333333333333333,
11,8,Learned,407,193,0.6783333333333333,286,14,0.9533333333333334,121,179,0.4033333333333333,0.11891891891891893
22,4,FIFO,173,427,0.28833333333333333,81,219,0.27,92,208,0.30666666666666664,
22,4,LRU,183,417,0.305,89,211,0.2966666666666667,94,206,0.31333333333333335,
22,4,Optimal,360,240,0.6,218,82,0.7266666666666667,142,158,0.47333333333333333,
22,4,Learned,194,406,0.3233333333333333,144,156,0.48,50,250,0.16666666666666666,0.19402985074626866
22,6,FIFO,358,242,0.5966666666666667,254,46,0.8466666666666667,104,196,0.3466666666666667,
22,6,LRU,382,218,0.6366666666666667,271,29,0.9033333333333333,111,189,0.37,
22,6,Optimal,454,146,0.7566666666666667,282,18,0.94,172,128,0.5733333333333334,
22,6,Learned,390,210,0.65,280,20,0.9333333333333333,110,190,0.36666666666666664,0.24509803921568626
22,8,FIFO,404,196,0.6733333333333333,276,24,0.92,128,172,0.4266666666666667,
22,8,LRU,413,187,0.6883333333333334,287,13,0.9566666666666667,126,174,0.42,
22,8,Optimal,480,120,0.8,288,12,0.96,192,108,0.64,
22,8,Learned,413,187,0.6883333333333334,287,13,0.9566666666666667,126,174,0.42,0.1452513966480447
33,4,FIFO,191,409,0.31833333333333336,95,205,0.31666666666666665,96,204,0.32,
33,4,LRU,183,417,0.305,88,212,0.29333333333333333,95,205,0.31666666666666665,
33,4,Optimal,361,239,0.6016666666666667,217,83,0.7233333333333334,144,156,0.48,
33,4,Learned,212,388,0.35333333333333333,166,134,0.5533333333333333,46,254,0.15333333333333332,0.18229166666666666
33,6,FIFO,362,238,0.6033333333333334,250,50,0.8333333333333334,112,188,0.37333333333333335,
33,6,LRU,380,220,0.6333333333333333,269,31,0.8966666666666666,111,189,0.37,
33,6,Optimal,453,147,0.755,279,21,0.93,174,126,0.58,
33,6,Learned,353,247,0.5883333333333334,275,25,0.9166666666666666,78,222,0.26,0.2572614107883817
33,8,FIFO,399,201,0.665,274,26,0.9133333333333333,125,175,0.4166666666666667,
33,8,LRU,414,186,0.69,284,16,0.9466666666666667,130,170,0.43333333333333335,
33,8,Optimal,480,120,0.8,286,14,0.9533333333333334,194,106,0.6466666666666666,
33,8,Learned,381,219,0.635,283,17,0.9433333333333334,98,202,0.32666666666666666,0.22274881516587677
44,4,FIFO,215,385,0.35833333333333334,116,184,0.38666666666666666,99,201,0.33,
44,4,LRU,210,390,0.35,111,189,0.37,99,201,0.33,
44,4,Optimal,366,234,0.61,222,78,0.74,144,156,0.48,
44,4,Learned,242,358,0.4033333333333333,183,117,0.61,59,241,0.19666666666666666,0.327683615819209
44,6,FIFO,372,228,0.62,257,43,0.8566666666666667,115,185,0.38333333333333336,
44,6,LRU,389,211,0.6483333333333333,271,29,0.9033333333333333,118,182,0.3933333333333333,
44,6,Optimal,453,147,0.755,282,18,0.94,171,129,0.57,
44,6,Learned,375,225,0.625,280,20,0.9333333333333333,95,205,0.31666666666666665,0.273972602739726
44,8,FIFO,409,191,0.6816666666666666,280,20,0.9333333333333333,129,171,0.43,
44,8,LRU,416,184,0.6933333333333334,287,13,0.9566666666666667,129,171,0.43,
44,8,Optimal,478,122,0.7966666666666666,288,12,0.96,190,110,0.6333333333333333,
44,8,Learned,416,184,0.6933333333333334,277,23,0.9233333333333333,139,161,0.4633333333333333,0.1590909090909091
55,4,FIFO,176,424,0.29333333333333333,96,204,0.32,80,220,0.26666666666666666,
55,4,LRU,176,424,0.29333333333333333,97,203,0.3233333333333333,79,221,0.2633333333333333,
55,4,Optimal,350,250,0.5833333333333334,221,79,0.7366666666666667,129,171,0.43,
55,4,Learned,188,412,0.31333333333333335,150,150,0.5,38,262,0.12666666666666668,0.0784313725490196
55,6,FIFO,350,250,0.5833333333333334,257,43,0.8566666666666667,93,207,0.31,
55,6,LRU,368,232,0.6133333333333333,271,29,0.9033333333333333,97,203,0.3233333333333333,
55,6,Optimal,445,155,0.7416666666666667,282,18,0.94,163,137,0.5433333333333333,
55,6,Learned,332,268,0.5533333333333333,270,30,0.9,62,238,0.20666666666666667,0.1183206106870229
55,8,FIFO,384,216,0.64,276,24,0.92,108,192,0.36,
55,8,LRU,395,205,0.6583333333333333,286,14,0.9533333333333334,109,191,0.36333333333333334,
55,8,Optimal,474,126,0.79,287,13,0.9566666666666667,187,113,0.6233333333333333,
55,8,Learned,406,194,0.6766666666666666,286,14,0.9533333333333334,120,180,0.4,0.14516129032258066
