frame_count,policy,hit_ratio_mean,hit_ratio_std,fault_mean,fault_std,before_hit_ratio_mean,after_hit_ratio_mean,before_fault_mean,after_fault_mean,victim_accuracy_mean
4,FIFO,0.31100000000000005,0.028833815024878154,413.4,17.300289014926886,0.314,0.308,205.8,207.6,
4,LRU,0.31433333333333335,0.021813604317795197,411.4,13.08816259067712,0.32,0.3086666666666667,204.0,207.4,
4,Learned,0.3496666666666667,0.03512675460228127,390.2,21.07605276136877,0.5366666666666667,0.16266666666666668,139.0,251.2,0.17737502961576282
4,Optimal,0.5993333333333333,0.009761033642897543,240.4,5.856620185738529,0.7326666666666667,0.466,80.2,160.2,
6,FIFO,0.6046666666666667,0.015740958604156786,237.2,9.444575162494079,0.8540000000000001,0.3553333333333334,43.8,193.4,
6,LRU,0.635,0.013437096247164267,219.0,8.06225774829855,0.9066666666666666,0.36333333333333334,28.0,191.0,
6,Learned,0.6133333333333334,0.04198213905936669,232.0,25.189283435619995,0.9246666666666666,0.302,22.6,209.4,0.21716582680381044
6,Optimal,0.7516666666666667,0.006123724356957933,149.0,3.674234614174767,0.9386666666666666,0.5646666666666667,18.4,130.6,
8,FIFO,0.6636666666666666,0.015872757934412153,201.8,9.523654760647297,0.9213333333333333,0.406,23.6,178.2,
8,LRU,0.6816666666666666,0.01419115530493866,191.0,8.5146931829632,0.9533333333333334,0.41,14.0,177.0,
8,Learned,0.6743333333333333,0.02305187386936014,195.4,13.831124321616088,0.9460000000000001,0.4026666666666666,16.2,179.2,0.15823426602926602
8,Optimal,0.7963333333333333,0.0041499665326629005,122.2,2.489979919597746,0.9573333333333334,0.6353333333333333,12.8,109.4,
